Epoch	train_cost	val_cost	epoch_time	learing_rate
1	nan	5.13404	330.727s	0.001
2	0.156837	0.135149	1641.26s	0.001
3	0.130319	0.129064	1638.37s	0.001
4	0.125761	0.123942	1642.4s	0.001
5	0.123362	0.120769	1643.82s	0.001
6	0.121822	0.121243	1642.56s	0.001
7	0.120825	0.120114	1645.74s	0.001
8	0.120243	0.119523	1643.4s	0.001
9	0.119728	0.118667	1645.6s	0.001
10	0.119335	0.120475	1642.25s	0.001
11	0.119076	0.118125	1639.96s	0.001
12	0.118862	0.117749	1640.66s	0.001
13	0.118671	0.117066	1643.1s	0.001
14	0.118599	0.117084	1642.7s	0.001
15	0.118346	0.117465	1642.3s	0.001
16	0.11824	0.118711	1643.34s	0.001
17	0.118087	0.116408	1642.69s	0.001
18	0.118034	0.117475	1643.82s	0.001
19	0.117993	0.116931	1644.29s	0.001
20	0.117898	0.116682	1644.62s	0.001
21	0.117835	0.115933	1641.8s	0.001
22	0.11778	0.11598	1641.91s	0.001
23	0.117649	0.116779	1646.51s	0.001
24	0.117573	0.116695	1645.28s	0.001
25	0.117506	0.115662	1644.94s	0.001
26	0.117451	0.11577	1643.85s	0.001
27	0.117375	0.115849	1644.62s	0.001
28	0.117347	0.116408	1700.74s	0.001
29	0.117245	0.116431	1644.28s	0.001
30	0.117211	0.115692	1696.89s	0.001
31	0.117201	0.115729	1641.53s	0.001
32	0.117145	0.116598	1642.59s	0.001
33	0.117118	0.116815	1644.33s	0.001
34	0.117	0.116878	1644.13s	0.001
35	0.117025	0.115299	1643.53s	0.001
36	0.116983	0.115941	1644.42s	0.001
37	0.116953	0.115184	1643.6s	0.001
38	0.11691	0.116317	1644.71s	0.001
39	0.116853	0.115529	1645.07s	0.001
40	0.116902	0.115196	1643.37s	0.001
41	0.116893	0.115679	1643.02s	0.001
42	0.116757	0.115706	1643.83s	0.001
43	0.116803	0.11606	1643.18s	0.001
44	0.116743	0.115168	1644.13s	0.001
45	0.116784	0.115083	1641.77s	0.001
46	0.11678	0.115615	1641.73s	0.001
47	0.116759	0.11683	1644.46s	0.001
48	0.116797	0.115197	1644.03s	0.001
49	0.116684	0.115565	1645.02s	0.001
50	0.116774	0.114982	1642.97s	0.001
51	0.116759	0.116925	1644.41s	0.001
52	0.116728	0.114933	1641.69s	0.001
53	0.116626	0.114466	1644.9s	0.001
54	0.116717	0.115833	1645.04s	0.001
55	0.116719	0.115672	1642.7s	0.001
56	0.116626	0.117982	1641.44s	0.001
57	0.116595	0.115582	2354.53s	0.001
58	0.116617	0.115888	2038.25s	0.001
59	0.116645	0.115071	1642.91s	0.001
60	0.11668	0.115971	1646.07s	0.001
61	0.116648	0.114847	1644.05s	0.001
62	0.116598	0.11579	1642.62s	0.001
63	0.116551	0.116615	1642.74s	0.001
64	0.116479	0.115664	1642.1s	0.001
65	0.116619	0.115556	1645.1s	0.001
66	0.116518	0.116222	1643.95s	0.001
67	0.116604	0.114267	1643.12s	0.001
68	0.116516	0.114592	2103.36s	0.001
69	0.116489	0.114983	1646.05s	0.001
70	0.11654	0.11557	1644.7s	0.001
71	0.116459	0.115355	1641.49s	0.001
72	0.116547	0.115221	1643.07s	0.001
73	0.116562	0.114688	1642.63s	0.001
74	0.116551	0.115896	1641.66s	0.001
75	0.116516	0.11686	1641.64s	0.001
76	0.116461	0.114952	1644.48s	0.001
77	0.116506	0.115324	1645.42s	0.001
78	0.116461	0.116329	1641.78s	0.001
79	0.116532	0.116549	1644.32s	0.001
80	0.116514	0.11517	1733.19s	0.001
81	0.116486	0.114093	1643.33s	0.001
82	0.116498	0.114977	1643.1s	0.001
83	0.116509	0.11467	1643s	0.001
84	0.116488	0.115462	1662.38s	0.001
85	0.116472	0.11475	1786.46s	0.001
86	0.116406	0.115479	1644.38s	0.001
87	0.116515	0.114974	1643.22s	0.001
88	0.116519	0.115481	1645.74s	0.001
89	0.11649	0.115632	1644.36s	0.001
90	0.116466	0.115277	1643.99s	0.001
91	0.116368	0.116489	1645.13s	0.001
92	0.116475	0.116147	1643.55s	0.001
93	0.116475	0.115571	1642.68s	0.001
94	0.116452	0.115411	1643.37s	0.001
95	0.116458	0.115232	1645.18s	0.001
96	0.116382	0.114906	1644.32s	0.001
97	0.116505	0.115216	1644.77s	0.001
98	0.11637	0.116406	1645.65s	0.001
99	0.116448	0.114951	1643.87s	0.001
100	0.113961	0.111339	1642.7s	0.0005
101	0.113162	0.110849	1644.74s	0.0005
102	0.112885	0.111211	1642.73s	0.0005
103	0.112713	0.110644	1641.71s	0.0005
104	0.112625	0.110237	1640.76s	0.0005
105	0.112658	0.11057	1641.11s	0.0005
106	0.112559	0.110405	1644.59s	0.0005
107	0.112597	0.110777	1641.98s	0.0005
108	0.112435	0.111047	1644.08s	0.0005
109	0.112613	0.110485	1642.02s	0.0005
110	0.112542	0.110184	1642.7s	0.0005
111	0.112462	0.111205	1642.38s	0.0005
112	0.112493	0.110134	1644.35s	0.0005
113	0.112536	0.110548	2285.95s	0.0005
114	0.112492	0.110734	2258.73s	0.0005
115	0.112436	0.11046	2260.47s	0.0005
116	0.112518	0.110182	2238.08s	0.0005
117	0.11253	0.110902	1731.01s	0.0005
118	0.112384	0.111288	1643.29s	0.0005
119	0.112461	0.111163	1644.22s	0.0005
120	0.11245	0.110699	1645.07s	0.0005
121	0.112427	0.110351	1644.74s	0.0005
122	0.112414	0.111271	1645.21s	0.0005
123	0.112435	0.110852	1644.19s	0.0005
124	0.112423	0.110345	1643.9s	0.0005
125	0.11243	0.110314	2151.61s	0.0005
126	0.112465	0.111818	2345.44s	0.0005
127	0.112479	0.111103	1881.41s	0.0005
128	0.112393	0.110995	1638.56s	0.0005
129	0.112411	0.11125	1643.76s	0.0005
130	0.112377	0.110755	1645.03s	0.0005
131	0.112434	0.110529	1646.63s	0.0005
132	0.1125	0.110723	1644.81s	0.0005
133	0.112417	0.111024	1642.32s	0.0005
134	0.112407	0.111052	1641.4s	0.0005
135	0.112341	0.111234	1644.61s	0.0005
136	0.11244	0.11141	1645.38s	0.0005
137	0.112317	0.110768	1643.18s	0.0005
138	0.112411	0.110559	1640.92s	0.0005
139	0.112392	0.110346	1643.1s	0.0005
140	0.112391	0.110795	1645.9s	0.0005
141	0.112387	0.110044	1642.9s	0.0005
142	0.112384	0.11034	1643.19s	0.0005
143	0.112333	0.11059	1642.05s	0.0005
144	0.112387	0.110536	1644.26s	0.0005
145	0.112359	0.11107	1645.86s	0.0005
146	0.11237	0.11134	1642.11s	0.0005
147	0.112359	0.110883	1641.1s	0.0005
148	0.112354	0.110447	1641.96s	0.0005
149	0.112438	0.110947	1642.69s	0.0005
150	0.112358	0.111122	1642.17s	0.0005
151	0.112374	0.11086	1642.93s	0.0005
152	0.112421	0.110585	1640.38s	0.0005
153	0.112389	0.110822	1642.18s	0.0005
154	0.112329	0.110974	1642.07s	0.0005
155	0.112369	0.111045	1639.45s	0.0005
156	0.112297	0.110219	1642.69s	0.0005
157	0.11238	0.110558	1642.15s	0.0005
158	0.11241	0.110637	1638.88s	0.0005
159	0.112331	0.110728	1642.73s	0.0005
160	0.112273	0.11005	1645.12s	0.0005
161	0.112376	0.111096	1641.88s	0.0005
162	0.112347	0.110766	1640.12s	0.0005
163	0.112286	0.111163	1640.69s	0.0005
164	0.112349	0.109837	1642.03s	0.0005
165	0.112412	0.110847	1643.27s	0.0005
166	0.112293	0.110486	1642.72s	0.0005
167	0.112335	0.11071	1643.45s	0.0005
168	0.112371	0.111084	1638.51s	0.0005
169	0.112334	0.110982	1640.86s	0.0005
170	0.112311	0.110655	1642.58s	0.0005
171	0.112413	0.11067	1642.37s	0.0005
172	0.112337	0.110753	1640.33s	0.0005
173	0.112304	0.110407	1642.42s	0.0005
174	0.112254	0.110546	1644.64s	0.0005
175	0.112364	0.110363	1640.79s	0.0005
176	0.112341	0.110977	1641.04s	0.0005
177	0.112268	0.110657	1640.2s	0.0005
178	0.112321	0.11054	1640.05s	0.0005
179	0.112331	0.109777	1641.38s	0.0005
180	0.112293	0.111312	1641.27s	0.0005
181	0.112334	0.110424	1641.33s	0.0005
182	0.112235	0.11018	1642.14s	0.0005
183	0.112291	0.110359	1643.06s	0.0005
184	0.110917	0.10847	1643.61s	0.00025
185	0.110324	0.107927	1643.79s	0.00025
186	0.110118	0.108057	1644.02s	0.00025
187	0.10996	0.107599	1644.82s	0.00025
188	0.109871	0.107869	1642.47s	0.00025
189	0.109748	0.107476	1637.74s	0.00025
190	0.109757	0.10786	1640.77s	0.00025
191	0.109717	0.10761	1643.91s	0.00025
192	0.109691	0.107927	1644.29s	0.00025
193	0.109646	0.107806	1642.57s	0.00025
194	0.109654	0.107693	1645.36s	0.00025
195	0.109599	0.10764	1643.63s	0.00025
196	0.109576	0.107779	1642.17s	0.00025
197	0.109563	0.107715	1643.54s	0.00025
198	0.109501	0.107477	1640.04s	0.00025
199	0.109507	0.107617	1641.37s	0.00025
200	0.109587	0.107792	1642.21s	0.00025
201	0.109598	0.107902	1643.47s	0.00025
202	0.109517	0.107437	1641.59s	0.00025
203	0.109443	0.107504	1640.05s	0.00025
204	0.109586	0.107681	1640.1s	0.00025
205	0.10955	0.10743	1643.7s	0.00025
206	0.109491	0.107414	1638.7s	0.00025
207	0.109461	0.10773	1641.58s	0.00025
208	0.109527	0.107653	1637.82s	0.00025
209	0.109459	0.107581	1638.17s	0.00025
210	0.109447	0.107523	1638.94s	0.00025
211	0.109501	0.107755	1641.88s	0.00025
212	0.109411	0.107295	1641.59s	0.00025
213	0.109414	0.107501	1641.94s	0.00025
214	0.109491	0.107322	1642.4s	0.00025
215	0.109453	0.107537	1643.08s	0.00025
216	0.109395	0.107298	1640.59s	0.00025
217	0.109459	0.107428	1642.11s	0.00025
218	0.109374	0.107817	1638.93s	0.00025
219	0.109436	0.107532	1637.4s	0.00025
220	0.109392	0.107578	1642.28s	0.00025
221	0.109371	0.107362	1643.41s	0.00025
222	0.10946	0.107231	1642.65s	0.00025
223	0.109402	0.108651	1641.92s	0.00025
224	0.109474	0.107556	1640.22s	0.00025
225	0.109433	0.10736	1643.06s	0.00025
226	0.109419	0.107059	1640.88s	0.00025
227	0.109434	0.107433	1640.53s	0.00025
228	0.109374	0.107205	1638.35s	0.00025
229	0.10941	0.107489	1638.28s	0.00025
230	0.109384	0.107684	1642.21s	0.00025
231	0.10938	0.107939	1643.54s	0.00025
232	0.109421	0.108344	1642.66s	0.00025
233	0.109442	0.108126	1641.6s	0.00025
234	0.109332	0.107029	1640.95s	0.00025
235	0.109371	0.107532	1644.42s	0.00025
236	0.109372	0.107208	1642.98s	0.00025
237	0.109378	0.107466	1643.05s	0.00025
238	0.10936	0.107857	1640.27s	0.00025
239	0.109403	0.107441	1639.14s	0.00025
240	0.109344	0.107418	1638.88s	0.00025
241	0.109444	0.107999	1640.76s	0.00025
242	0.109417	0.107544	1642.79s	0.00025
243	0.109402	0.107376	1640.72s	0.00025
244	0.10938	0.107659	1643.76s	0.00025
245	0.109288	0.107197	1641.83s	0.00025
246	0.109423	0.107172	1642.35s	0.00025
247	0.109387	0.107293	1642.33s	0.00025
248	0.109399	0.107681	1638.95s	0.00025
249	0.109348	0.107361	1639.04s	0.00025
250	0.109369	0.108149	1642.16s	0.00025
251	0.109403	0.107569	1643.15s	0.00025
252	0.109496	0.107494	1642.48s	0.00025
253	0.109341	0.107446	1646.52s	0.00025
254	0.109343	0.107442	1639.54s	0.00025
255	0.109408	0.107517	1639.31s	0.00025
256	0.109384	0.10763	1638.51s	0.00025
257	0.109377	0.107835	1642.42s	0.00025
258	0.109321	0.10779	1639.01s	0.00025
259	0.109357	0.107316	1639.52s	0.00025
260	0.10937	0.107695	1642.4s	0.00025
261	0.10933	0.10747	1642.71s	0.00025
262	0.10933	0.107311	1640.8s	0.00025
263	0.109373	0.107607	1642.95s	0.00025
264	0.109381	0.106985	1642.31s	0.00025
265	0.109282	0.107098	2195.17s	0.00025
266	0.109347	0.107296	1642.46s	0.00025
267	0.109309	0.107321	1640.5s	0.00025
268	0.109295	0.107517	1636.99s	0.00025
269	0.109333	0.107245	1636.46s	0.00025
270	0.109422	0.107387	1640.78s	0.00025
271	0.108505	0.105985	1640.2s	0.000125
272	0.108136	0.106143	1640.55s	0.000125
273	0.108023	0.10581	1642.08s	0.000125
274	0.107923	0.105718	1641.86s	0.000125
275	0.107796	0.105599	1642.16s	0.000125
276	0.107794	0.105627	1643.08s	0.000125
277	0.107701	0.105611	1642.33s	0.000125
278	0.107703	0.105531	1641.27s	0.000125
279	0.107743	0.105708	1639.6s	0.000125
280	0.107583	0.105795	1639.37s	0.000125
281	0.1076	0.105498	1641.17s	0.000125
282	0.107487	0.105543	1639.79s	0.000125
283	0.107605	0.105492	1640.1s	0.000125
284	0.107523	0.105536	1638.02s	0.000125
285	0.107504	0.105517	1640.36s	0.000125
286	0.107546	0.10547	1638.05s	0.000125
287	0.107462	0.105599	1778.49s	0.000125
288	0.107539	0.105876	1679.99s	0.000125
289	0.107521	0.105414	1640.25s	0.000125
290	0.107531	0.105666	1640.99s	0.000125
291	0.107365	0.105282	1641.29s	0.000125
292	0.107498	0.105792	1643.08s	0.000125
293	0.107479	0.1053	1653.62s	0.000125
294	0.107501	0.105497	1642.99s	0.000125
295	0.107446	0.105593	1642.32s	0.000125
296	0.107509	0.105295	1640.42s	0.000125
297	0.10751	0.10579	1642.02s	0.000125
298	0.107432	0.105374	1644.42s	0.000125
299	0.107396	0.10509	1639.98s	0.000125
300	0.107407	0.105524	1640.15s	0.000125
301	0.107372	0.105795	1640.98s	0.000125
302	0.107401	0.10555	1643.39s	0.000125
303	0.107373	0.1052	1643.62s	0.000125
304	0.107427	0.105211	1644.16s	0.000125
305	0.107414	0.105469	1644.89s	0.000125
306	0.107321	0.105324	1643.93s	0.000125
307	0.107368	0.105367	1640.18s	0.000125
308	0.107425	0.105229	1640.63s	0.000125
309	0.107443	0.105019	1641.55s	0.000125
310	0.107362	0.105354	1640.31s	0.000125
311	0.107414	0.105767	1638.81s	0.000125
312	0.107325	0.10536	1641.91s	0.000125
313	0.107396	0.105219	1640.14s	0.000125
314	0.107364	0.105466	1638.97s	0.000125
315	0.107286	0.105477	1640.4s	0.000125
316	0.107347	0.105361	1640.91s	0.000125
317	0.107331	0.105484	1638.32s	0.000125
318	0.107393	0.105251	1642.08s	0.000125
319	0.107326	0.10511	1641.29s	0.000125
320	0.107327	0.105622	2199.61s	0.000125
321	0.107339	0.105317	1663.71s	0.000125
322	0.107281	0.105564	1639.18s	0.000125
323	0.10737	0.105171	1639.63s	0.000125
324	0.107433	0.105344	1637.98s	0.000125
325	0.107287	0.105248	1644.55s	0.000125
326	0.107344	0.105412	1640.05s	0.000125
327	0.107288	0.105336	1640.29s	0.000125
328	0.107311	0.105187	1640.1s	0.000125
329	0.107318	0.105355	1639.66s	0.000125
330	0.107377	0.105377	1641.63s	0.000125
331	0.107359	0.105446	1638.86s	0.000125
332	0.107285	0.105242	1638.31s	0.000125
333	0.107291	0.105423	1641.44s	0.000125
334	0.107246	0.105812	1640.12s	0.000125
335	0.10733	0.105114	1638.96s	0.000125
336	0.107263	0.105496	1641.9s	0.000125
337	0.107244	0.105329	1640.94s	0.000125
338	0.107261	0.105429	1640.86s	0.000125
339	0.107266	0.105278	1638.33s	0.000125
340	0.107229	0.105332	1641.83s	0.000125
341	0.107242	0.105008	1641.12s	0.000125
342	0.107248	0.105393	1642.51s	0.000125
343	0.10729	0.105512	1642.12s	0.000125
344	0.107323	0.105318	1642.55s	0.000125
345	0.107309	0.10506	1703.79s	0.000125
346	0.107293	0.105373	1642.17s	0.000125
347	0.107222	0.105107	1642.17s	0.000125
348	0.107205	0.105204	1640.18s	0.000125
349	0.107311	0.105279	1640.85s	0.000125
350	0.107315	0.105337	1643s	0.000125
351	0.107283	0.105136	1644.59s	0.000125
352	0.107213	0.105255	1643.98s	0.000125
353	0.107335	0.105277	1641.35s	0.000125
354	0.107317	0.105408	1642.43s	0.000125
355	0.107248	0.105374	1642.81s	0.000125
356	0.107196	0.105134	1644.69s	0.000125
357	0.107283	0.105201	1644.19s	0.000125
358	0.107229	0.10551	1644.25s	0.000125
359	0.106736	0.104522	1640.65s	6.25e-05
360	0.106557	0.104446	2323.03s	6.25e-05
361	0.106446	0.104397	1643.21s	6.25e-05
362	0.106413	0.104419	1640.72s	6.25e-05
363	0.106331	0.104408	1644.39s	6.25e-05
364	0.106281	0.104058	1640.66s	6.25e-05
365	0.106296	0.104238	1640.48s	6.25e-05
366	0.106257	0.104392	1642.3s	6.25e-05
367	0.106277	0.104222	1641.46s	6.25e-05
368	0.106146	0.104397	1641.97s	6.25e-05
369	0.106058	0.104076	1643.79s	6.25e-05
370	0.106148	0.104049	1642.43s	6.25e-05
371	0.106129	0.104099	1643.52s	6.25e-05
372	0.106038	0.104129	1642.16s	6.25e-05
373	0.106008	0.10406	1641.27s	6.25e-05
374	0.106091	0.104305	1640.98s	6.25e-05
375	0.106155	0.104133	1638.65s	6.25e-05
376	0.106053	0.103987	1642.22s	6.25e-05
377	0.106002	0.104574	1641.13s	6.25e-05
378	0.105915	0.103934	1640.87s	6.25e-05
379	0.106013	0.104011	1641.12s	6.25e-05
380	0.106054	0.103954	1642.91s	6.25e-05
381	0.106048	0.104057	1642.44s	6.25e-05
382	0.106003	0.103987	1641.49s	6.25e-05
383	0.105968	0.103986	1639.18s	6.25e-05
384	0.10596	0.10401	1640.8s	6.25e-05
385	0.105974	0.104011	1639.63s	6.25e-05
386	0.105948	0.104018	1640.87s	6.25e-05
387	0.105912	0.104115	1641.82s	6.25e-05
388	0.105881	0.104042	1641.19s	6.25e-05
389	0.105937	0.103914	1641.1s	6.25e-05
390	0.105914	0.104313	1642.97s	6.25e-05
391	0.106013	0.104426	1643.08s	6.25e-05
392	0.105914	0.103918	1644.64s	6.25e-05
393	0.105861	0.104044	1808.32s	6.25e-05
394	0.105893	0.104093	1650.93s	6.25e-05
395	0.105887	0.104126	1642.61s	6.25e-05
396	0.105863	0.103872	1641.63s	6.25e-05
397	0.105979	0.103928	1689.52s	6.25e-05
398	0.105884	0.103988	1643.55s	6.25e-05
399	0.10589	0.103853	1640.87s	6.25e-05
400	0.105991	0.103925	1643.24s	6.25e-05
401	0.105813	0.103917	1641.68s	6.25e-05
402	0.105853	0.104003	1640.19s	6.25e-05
403	0.105852	0.104362	1643.27s	6.25e-05
404	0.105841	0.104148	1644.47s	6.25e-05
405	0.105923	0.103979	1640.1s	6.25e-05
406	0.105855	0.103789	1642.03s	6.25e-05
407	0.105888	0.103882	1640.85s	6.25e-05
408	0.105935	0.103826	1641.35s	6.25e-05
409	0.105872	0.104025	1643.58s	6.25e-05
410	0.105869	0.103938	1641.07s	6.25e-05
411	0.105897	0.103778	1639.93s	6.25e-05
412	0.105865	0.103749	2345.96s	6.25e-05
413	0.105862	0.103827	1644.43s	6.25e-05
414	0.105738	0.103965	1644.67s	6.25e-05
415	0.10585	0.10393	1644.39s	6.25e-05
416	0.105785	0.103996	1641.69s	6.25e-05
417	0.105793	0.1039	2341.12s	6.25e-05
418	0.10594	0.104038	2339.09s	6.25e-05
419	0.105821	0.103871	2348.15s	6.25e-05
420	0.105794	0.103951	2352.49s	6.25e-05
421	0.105875	0.103831	1730.54s	6.25e-05
422	0.105926	0.103766	1641.25s	6.25e-05
423	0.1058	0.104055	1645.67s	6.25e-05
424	0.105789	0.103886	1644.83s	6.25e-05
425	0.105792	0.103755	1644.34s	6.25e-05
426	0.10586	0.104025	1644.58s	6.25e-05
427	0.105775	0.103906	1642.19s	6.25e-05
428	0.105778	0.103776	1641.22s	6.25e-05
429	0.105821	0.10389	1644.18s	6.25e-05
430	0.105792	0.103942	1644.5s	6.25e-05
431	0.105761	0.103746	1642.88s	6.25e-05
432	0.10583	0.103804	1643.18s	6.25e-05
433	0.105799	0.104059	1644.58s	6.25e-05
434	0.105851	0.10378	1644.41s	6.25e-05
435	0.105729	0.103712	1645.3s	6.25e-05
436	0.10577	0.103938	1643.58s	6.25e-05
437	0.105822	0.103768	1640.9s	6.25e-05
438	0.105736	0.103981	1642.74s	6.25e-05
439	0.105718	0.103695	1644.98s	6.25e-05
440	0.105757	0.103799	1640.41s	6.25e-05
441	0.105769	0.103775	1641.16s	6.25e-05
442	0.105749	0.103864	1644.77s	6.25e-05
443	0.105749	0.103729	1834.36s	6.25e-05
444	0.105735	0.103769	1644.46s	6.25e-05
445	0.105692	0.103733	1642.25s	6.25e-05
446	0.105774	0.104047	1646.16s	6.25e-05
447	0.105735	0.103892	1643.81s	6.25e-05
448	0.105803	0.103834	1658.99s	6.25e-05
449	0.105751	0.103815	1646.91s	6.25e-05
450	0.105524	0.10342	2039.19s	3.125e-05
451	0.105286	0.10334	1642.82s	3.125e-05
452	0.105306	0.103295	2289.47s	3.125e-05
453	0.105138	0.103328	1640.02s	3.125e-05
454	0.10526	0.103292	1645.34s	3.125e-05
455	0.105125	0.103402	1644.6s	3.125e-05
456	0.105166	0.103361	1644.25s	3.125e-05
457	0.105121	0.103154	1644.44s	3.125e-05
458	0.105105	0.103189	1643.18s	3.125e-05
459	0.105136	0.103143	1645.63s	3.125e-05
460	0.105135	0.103176	1644.29s	3.125e-05
461	0.10501	0.103342	1644.72s	3.125e-05
462	0.105027	0.103231	2204.37s	3.125e-05
463	0.10508	0.103095	2365.46s	3.125e-05
464	0.105066	0.103195	1641.68s	3.125e-05
465	0.104985	0.103119	1641.72s	3.125e-05
466	0.105057	0.103147	1640.84s	3.125e-05
467	0.105059	0.103309	1639.69s	3.125e-05
468	0.105004	0.103133	1642.52s	3.125e-05
469	0.10496	0.103102	1645.1s	3.125e-05
470	0.104927	0.103105	1642.68s	3.125e-05
471	0.104973	0.10305	1643.96s	3.125e-05
472	0.105044	0.103156	1643.22s	3.125e-05
473	0.104977	0.103115	1642.97s	3.125e-05
474	0.104938	0.10306	1643.73s	3.125e-05
475	0.104943	0.103071	1643.26s	3.125e-05
476	0.104957	0.103148	1641.93s	3.125e-05
477	0.104929	0.10306	1645.12s	3.125e-05
478	0.104947	0.103174	1643.79s	3.125e-05
479	0.104941	0.103221	1642.78s	3.125e-05
480	0.104935	0.103138	1643.63s	3.125e-05
481	0.104945	0.103017	1645.27s	3.125e-05
482	0.104973	0.103079	1644.77s	3.125e-05
483	0.10495	0.103087	1645.73s	3.125e-05
484	0.104881	0.103081	1642.48s	3.125e-05
485	0.104889	0.102999	1640.43s	3.125e-05
486	0.104921	0.102968	1643.99s	3.125e-05
487	0.104978	0.103077	1643s	3.125e-05
488	0.104905	0.103071	1642.78s	3.125e-05
489	0.104943	0.103022	1643.43s	3.125e-05
490	0.104874	0.103013	1645.1s	3.125e-05
491	0.104845	0.10297	1642.6s	3.125e-05
492	0.10487	0.103012	1644.07s	3.125e-05
493	0.104915	0.103022	1644.39s	3.125e-05
494	0.104886	0.102929	1641.15s	3.125e-05
495	0.104909	0.103056	1802.73s	3.125e-05
496	0.104904	0.103036	1978.97s	3.125e-05
497	0.104851	0.102923	1728.28s	3.125e-05
498	0.104812	0.102905	1642.58s	3.125e-05
499	0.104844	0.103113	1645.16s	3.125e-05
500	0.104794	0.102999	1643.12s	3.125e-05
501	0.104824	0.102995	1643.62s	3.125e-05
502	0.104803	0.102989	1642.29s	3.125e-05
503	0.104805	0.102924	1643.94s	3.125e-05
504	0.104871	0.102989	1643.34s	3.125e-05
505	0.104866	0.103002	1642.97s	3.125e-05
506	0.10483	0.102883	1642.29s	3.125e-05
507	0.10483	0.103006	1644.14s	3.125e-05
508	0.10488	0.102962	1644.36s	3.125e-05
509	0.104898	0.103149	1643.19s	3.125e-05
510	0.104815	0.103042	1643.25s	3.125e-05
511	0.104873	0.103004	1640.79s	3.125e-05
512	0.104839	0.103103	1643.45s	3.125e-05
513	0.104813	0.102978	1643.61s	3.125e-05
514	0.104879	0.103074	1642.05s	3.125e-05
515	0.104847	0.102931	1640.56s	3.125e-05
516	0.104809	0.103101	1641.27s	3.125e-05
517	0.104768	0.103058	1641.58s	3.125e-05
518	0.104848	0.102939	1642.43s	3.125e-05
519	0.104775	0.102891	1641.73s	3.125e-05
520	0.104761	0.102984	1642.15s	3.125e-05
521	0.104819	0.103052	1640.02s	3.125e-05
522	0.10486	0.10302	1641.94s	3.125e-05
523	0.104774	0.102982	1642.4s	3.125e-05
524	0.104788	0.103134	1639.87s	3.125e-05
525	0.104771	0.102944	1640.82s	3.125e-05
526	0.104814	0.102966	1643.16s	3.125e-05
527	0.104697	0.102927	1643.4s	3.125e-05
528	0.104713	0.103136	1641.18s	3.125e-05
529	0.104814	0.102924	1643.49s	3.125e-05
530	0.104712	0.102979	1639.22s	3.125e-05
531	0.104748	0.102966	1640.25s	3.125e-05
532	0.104822	0.102871	1639.64s	3.125e-05
533	0.10472	0.102957	1641.33s	3.125e-05
534	0.104773	0.102967	1642.87s	3.125e-05
535	0.104808	0.10306	1642.65s	3.125e-05
536	0.104713	0.102987	1636.96s	3.125e-05
537	0.104813	0.103063	1638.62s	3.125e-05
538	0.104779	0.102926	1641.98s	3.125e-05
539	0.104771	0.102853	1641.92s	3.125e-05
540	0.104734	0.102872	1642.43s	3.125e-05
541	0.104764	0.102901	1641.97s	3.125e-05
542	0.104604	0.102745	1640.98s	1.5625e-05
543	0.104459	0.102688	1638.62s	1.5625e-05
544	0.104452	0.10281	1639.42s	1.5625e-05
545	0.104361	0.102694	1642.44s	1.5625e-05
546	0.104475	0.102628	1640.96s	1.5625e-05
547	0.104387	0.102645	1656.76s	1.5625e-05
548	0.104444	0.102723	1641.29s	1.5625e-05
549	0.104413	0.102636	1641.26s	1.5625e-05
550	0.104361	0.102625	1643.88s	1.5625e-05
551	0.104433	0.102631	1642.24s	1.5625e-05
552	0.104362	0.102608	1642.57s	1.5625e-05
553	0.104289	0.102643	1644.14s	1.5625e-05
554	0.104459	0.102605	1640.41s	1.5625e-05
555	0.104344	0.102658	1642.11s	1.5625e-05
556	0.104341	0.10257	1642.52s	1.5625e-05
557	0.104253	0.102671	1643.17s	1.5625e-05
558	0.104242	0.10265	1644.33s	1.5625e-05
559	0.104345	0.102581	1644.11s	1.5625e-05
560	0.104357	0.102611	1644.12s	1.5625e-05
561	0.104333	0.102575	1640.81s	1.5625e-05
562	0.104287	0.102582	1642.31s	1.5625e-05
563	0.104283	0.102586	1641.05s	1.5625e-05
564	0.104283	0.102547	1642.74s	1.5625e-05
565	0.104247	0.102557	1640.28s	1.5625e-05
566	0.104232	0.102564	1641.71s	1.5625e-05
567	0.104351	0.102629	1641.86s	1.5625e-05
568	0.104257	0.102568	1639.54s	1.5625e-05
569	0.104283	0.102521	1639.86s	1.5625e-05
570	0.104209	0.102576	1640.5s	1.5625e-05
571	0.104304	0.102561	1642.57s	1.5625e-05
572	0.104305	0.102577	1643.16s	1.5625e-05
573	0.104315	0.102557	1641.07s	1.5625e-05
574	0.104275	0.102558	1637.27s	1.5625e-05
575	0.10432	0.102551	1638.81s	1.5625e-05
576	0.104328	0.102556	1640.14s	1.5625e-05
577	0.104279	0.102557	1641.51s	1.5625e-05
578	0.104284	0.102584	1644.41s	1.5625e-05
579	0.104277	0.10259	1643.5s	1.5625e-05
580	0.104206	0.102555	1641.86s	1.5625e-05
581	0.104206	0.10251	1902.29s	1.5625e-05
582	0.104256	0.102443	1639.64s	1.5625e-05
583	0.10417	0.10249	1641.77s	1.5625e-05
584	0.104229	0.102558	1641.77s	1.5625e-05
585	0.104249	0.102538	1642.09s	1.5625e-05
586	0.104218	0.102548	1638.97s	1.5625e-05
587	0.104148	0.10258	1640.73s	1.5625e-05
588	0.104219	0.10256	1640.81s	1.5625e-05
589	0.104227	0.102525	1637.76s	1.5625e-05
590	0.104217	0.102516	1639.86s	1.5625e-05
591	0.104222	0.102506	1643.71s	1.5625e-05
592	0.104262	0.102573	1641.91s	1.5625e-05
593	0.104208	0.102572	1641.18s	1.5625e-05
594	0.1042	0.102531	1641.77s	1.5625e-05
595	0.104132	0.102436	1640.57s	1.5625e-05
596	0.104248	0.102495	1640.18s	1.5625e-05
597	0.104216	0.102451	1642.27s	1.5625e-05
598	0.104198	0.102499	1642.88s	1.5625e-05
599	0.104221	0.102491	1644.25s	1.5625e-05
600	0.10416	0.102453	1645.27s	1.5625e-05
601	0.104227	0.102483	1641.39s	1.5625e-05
602	0.104092	0.102461	1640.92s	1.5625e-05
603	0.104186	0.10245	1656.82s	1.5625e-05
604	0.104114	0.102471	1643.38s	1.5625e-05
605	0.104132	0.102466	1641.58s	1.5625e-05
606	0.104252	0.102435	1645.78s	1.5625e-05
607	0.104171	0.1024	1642.12s	1.5625e-05
608	0.104109	0.102513	1641.54s	1.5625e-05
609	0.104236	0.102443	1640.64s	1.5625e-05
610	0.1041	0.102498	1642.56s	1.5625e-05
611	0.104128	0.10244	1643.37s	1.5625e-05
612	0.104216	0.102485	1641.73s	1.5625e-05
613	0.104127	0.102488	1644.48s	1.5625e-05
614	0.104232	0.102538	1641.55s	1.5625e-05
615	0.104178	0.102475	1642.03s	1.5625e-05
616	0.104101	0.10245	1640.42s	1.5625e-05
617	0.104137	0.102417	1640.87s	1.5625e-05
618	0.104162	0.102445	1641.84s	1.5625e-05
619	0.10413	0.102408	1641.39s	1.5625e-05
620	0.104212	0.102466	1642.66s	1.5625e-05
621	0.104142	0.102401	1642.3s	1.5625e-05
622	0.104078	0.102428	1638.54s	1.5625e-05
623	0.104121	0.102499	1641.75s	1.5625e-05
624	0.10407	0.102464	1915.53s	1.5625e-05
625	0.10422	0.102389	2412.36s	1.5625e-05
626	0.104084	0.102435	1640.66s	1.5625e-05
627	0.104138	0.102412	1642s	1.5625e-05
628	0.104217	0.102437	1638.39s	1.5625e-05
629	0.104133	0.102407	1637.92s	1.5625e-05
630	0.104102	0.102441	1640.15s	1.5625e-05
631	0.104033	0.102455	1639.64s	1.5625e-05
632	0.103961	0.102304	1642.81s	7.8125e-06
633	0.104056	0.102307	1640.77s	7.8125e-06
634	0.103971	0.102285	1639.17s	7.8125e-06
635	0.104007	0.102286	1642.13s	7.8125e-06
636	0.103904	0.102326	2230.26s	7.8125e-06
637	0.103817	0.102308	1639.58s	7.8125e-06
638	0.104002	0.102319	1640.9s	7.8125e-06
639	0.104021	0.102309	1641.99s	7.8125e-06
640	0.103873	0.102272	1640.57s	7.8125e-06
641	0.103828	0.1023	1639.02s	7.8125e-06
642	0.103921	0.102289	1639.2s	7.8125e-06
643	0.10403	0.102325	1637.36s	7.8125e-06
644	0.103921	0.102319	1639.75s	7.8125e-06
645	0.103892	0.102271	1640.13s	7.8125e-06
646	0.103891	0.102257	1638.46s	7.8125e-06
647	0.103832	0.102237	1641.47s	7.8125e-06
648	0.103927	0.102255	1642.75s	7.8125e-06
649	0.103951	0.102259	1641.03s	7.8125e-06
650	0.103894	0.102317	1639.54s	7.8125e-06
651	0.103919	0.102251	1641.74s	7.8125e-06
652	0.103925	0.102237	1642.48s	7.8125e-06
653	0.103818	0.102211	1642.67s	7.8125e-06
654	0.103822	0.102254	1659.7s	7.8125e-06
655	0.103896	0.102259	1643.55s	7.8125e-06
656	0.103882	0.102274	1642.59s	7.8125e-06
657	0.103946	0.10226	1641.63s	7.8125e-06
658	0.103875	0.10224	1757.47s	7.8125e-06
659	0.103872	0.102217	1643.72s	7.8125e-06
660	0.10384	0.102232	1642.66s	7.8125e-06
661	0.103826	0.102238	1643.39s	7.8125e-06
662	0.103823	0.102225	1643.38s	7.8125e-06
663	0.103813	0.102236	1642.35s	7.8125e-06
664	0.103815	0.102219	1642.49s	7.8125e-06
665	0.103814	0.102231	1644.26s	7.8125e-06
666	0.103919	0.102256	1642.93s	7.8125e-06
667	0.103831	0.102209	1643.51s	7.8125e-06
668	0.103882	0.102246	1642.98s	7.8125e-06
669	0.10389	0.102178	1637.44s	7.8125e-06
670	0.103861	0.102228	1640.63s	7.8125e-06
671	0.10379	0.102247	1639.74s	7.8125e-06
672	0.103806	0.102237	1641.1s	7.8125e-06
673	0.103823	0.102197	1639.74s	7.8125e-06
674	0.103899	0.102201	1641.59s	7.8125e-06
675	0.103837	0.102208	1642.8s	7.8125e-06
676	0.103857	0.102213	1640.34s	7.8125e-06
677	0.103791	0.102224	1639.32s	7.8125e-06
678	0.103795	0.102252	1640.49s	7.8125e-06
679	0.103924	0.102278	1641.15s	7.8125e-06
680	0.103732	0.102189	1641.39s	7.8125e-06
681	0.103698	0.102207	1639.65s	7.8125e-06
682	0.103811	0.102172	1639.83s	7.8125e-06
683	0.10378	0.102161	1638.04s	7.8125e-06
684	0.10387	0.102183	1641.08s	7.8125e-06
685	0.103846	0.102191	1640.3s	7.8125e-06
686	0.103882	0.102163	1642.8s	7.8125e-06
687	0.103848	0.102159	1642.1s	7.8125e-06
688	0.103804	0.102199	1641.21s	7.8125e-06
689	0.10381	0.102178	1639.73s	7.8125e-06
690	0.103768	0.10214	1642.2s	7.8125e-06
691	0.103811	0.102176	1639.42s	7.8125e-06
692	0.103742	0.102178	1640.28s	7.8125e-06
693	0.103764	0.102141	1640.88s	7.8125e-06
694	0.103748	0.10218	1640.06s	7.8125e-06
695	0.103824	0.102168	1640.65s	7.8125e-06
696	0.103738	0.102213	1639.78s	7.8125e-06
697	0.103754	0.102152	1638.49s	7.8125e-06
698	0.103782	0.102209	1639.84s	7.8125e-06
699	0.103844	0.102168	1640.3s	7.8125e-06
700	0.103845	0.102177	1643.4s	7.8125e-06
701	0.103747	0.102167	1642.59s	7.8125e-06
702	0.103798	0.102153	1642.08s	7.8125e-06
703	0.103795	0.102139	1951.54s	7.8125e-06
704	0.103738	0.102198	1640.8s	7.8125e-06
705	0.1038	0.102173	1642.1s	7.8125e-06
706	0.103646	0.102114	1641.64s	7.8125e-06
707	0.103779	0.102167	1689.68s	7.8125e-06
708	0.10376	0.102142	1641.74s	7.8125e-06
709	0.103758	0.102213	1641.83s	7.8125e-06
710	0.103774	0.10215	1672.59s	7.8125e-06
711	0.10377	0.102171	1682.66s	7.8125e-06
712	0.103671	0.102145	1641.39s	7.8125e-06
713	0.103776	0.102149	1641.95s	7.8125e-06
714	0.103818	0.102166	1644.27s	7.8125e-06
715	0.103722	0.102145	1642.73s	7.8125e-06
716	0.103772	0.102124	1641.27s	7.8125e-06
717	0.103714	0.102106	1641.02s	7.8125e-06
718	0.103754	0.102136	1641.14s	7.8125e-06
719	0.103803	0.10214	1642.61s	7.8125e-06
720	0.103788	0.102141	1642.38s	7.8125e-06
721	0.103733	0.102119	1640.56s	7.8125e-06
722	0.103756	0.102121	1639.46s	7.8125e-06
723	0.103708	0.102131	1640.53s	7.8125e-06
724	0.103641	0.102064	1638.88s	3.90625e-06
725	0.103751	0.102097	1717.2s	3.90625e-06
726	0.103667	0.102075	1641.33s	3.90625e-06
727	0.10364	0.102069	1640.91s	3.90625e-06
728	0.103671	0.102041	1641.45s	3.90625e-06
729	0.103648	0.102089	1641.23s	3.90625e-06
730	0.103688	0.102068	1642.89s	3.90625e-06
731	0.103566	0.102061	1640.36s	3.90625e-06
732	0.10372	0.102086	1637.76s	3.90625e-06
733	0.10362	0.102048	1639.38s	3.90625e-06
734	0.103636	0.102061	1640.56s	3.90625e-06
735	0.103682	0.10207	1638.6s	3.90625e-06
736	0.10361	0.102087	1641.38s	3.90625e-06
737	0.103565	0.102071	1640.79s	3.90625e-06
738	0.103718	0.102033	1640.17s	3.90625e-06
739	0.103615	0.102012	1640.19s	3.90625e-06
740	0.103605	0.10203	2366.55s	3.90625e-06
741	0.103636	0.10204	1644.01s	3.90625e-06
742	0.103667	0.102023	1642.88s	3.90625e-06
743	0.103651	0.102029	1643.15s	3.90625e-06
744	0.103669	0.102017	1642.03s	3.90625e-06
745	0.10366	0.102046	1638.89s	3.90625e-06
746	0.103587	0.102014	1641.03s	3.90625e-06
747	0.103615	0.102027	1639.85s	3.90625e-06
748	0.103568	0.102063	1638.04s	3.90625e-06
749	0.103595	0.102059	1642.93s	3.90625e-06
750	0.103521	0.102009	1643.2s	3.90625e-06
751	0.103534	0.102016	1641.54s	3.90625e-06
752	0.103626	0.102021	1641.02s	3.90625e-06
753	0.103713	0.102004	1639.68s	3.90625e-06
754	0.103583	0.102026	1824.26s	3.90625e-06
755	0.103624	0.102029	1642.01s	3.90625e-06
756	0.103608	0.102018	1642.69s	3.90625e-06
757	0.103513	0.102044	1643.56s	3.90625e-06
758	0.103536	0.102005	1882.13s	3.90625e-06
759	0.103617	0.102043	1689.2s	3.90625e-06
760	0.103561	0.102033	1647.68s	3.90625e-06
761	0.103584	0.102005	1658.56s	3.90625e-06
762	0.103504	0.102019	1886.61s	3.90625e-06
763	0.103667	0.102038	1642.33s	3.90625e-06
764	0.103585	0.102028	1644.36s	3.90625e-06
765	0.103609	0.102019	1640.99s	3.90625e-06
766	0.103633	0.102007	1646.24s	3.90625e-06
767	0.103583	0.102009	1642.23s	3.90625e-06
768	0.103586	0.102031	1641.22s	3.90625e-06
769	0.103606	0.102015	1641.68s	3.90625e-06
770	0.103441	0.101988	1816.89s	3.90625e-06
771	0.10357	0.10202	2428.13s	3.90625e-06
772	0.103678	0.102034	2405.75s	3.90625e-06
773	0.103586	0.102012	2409.07s	3.90625e-06
774	0.103613	0.102002	1786.48s	3.90625e-06
775	0.103544	0.101985	1644.78s	3.90625e-06
776	0.103667	0.10199	1645.09s	3.90625e-06
777	0.103638	0.102001	1641.33s	3.90625e-06
778	0.103475	0.102015	1641.28s	3.90625e-06
779	0.10364	0.101991	1642.31s	3.90625e-06
780	0.103637	0.102014	1643.86s	3.90625e-06
781	0.10363	0.102002	1644.4s	3.90625e-06
782	0.103515	0.102002	1645.6s	3.90625e-06
783	0.103643	0.101996	1643.01s	3.90625e-06
784	0.103597	0.10198	1643.06s	3.90625e-06
785	0.103541	0.101987	2351.16s	3.90625e-06
786	0.1036	0.101983	2369.89s	3.90625e-06
787	0.103543	0.101994	2373.94s	3.90625e-06
788	0.103491	0.10198	2374.39s	3.90625e-06
789	0.103565	0.102009	2379.75s	3.90625e-06
790	0.103483	0.101978	2370.07s	3.90625e-06
791	0.10352	0.102002	2373.01s	3.90625e-06
792	0.103608	0.101967	2366.56s	3.90625e-06
793	0.1035	0.101963	1645.42s	3.90625e-06
794	0.103538	0.101961	1646.73s	3.90625e-06
795	0.103689	0.102009	1646.38s	3.90625e-06
796	0.103591	0.101966	1643.07s	3.90625e-06
797	0.103549	0.10195	1642.78s	3.90625e-06
798	0.103528	0.101981	2661.15s	3.90625e-06
799	0.103595	0.101974	2606.21s	3.90625e-06
800	0.103573	0.101936	2574.23s	3.90625e-06
801	0.103546	0.101969	1644.97s	3.90625e-06
802	0.103523	0.101987	1645.34s	3.90625e-06
803	0.103545	0.101992	2232.72s	3.90625e-06
804	0.103639	0.101996	1644.45s	3.90625e-06
805	0.10362	0.101973	1721.8s	3.90625e-06
806	0.103444	0.101965	1688.59s	3.90625e-06
807	0.103488	0.102007	1806.91s	3.90625e-06
808	0.103503	0.101976	1646.02s	3.90625e-06
809	0.103531	0.101979	1866s	3.90625e-06
810	0.103523	0.101994	1643.63s	3.90625e-06
811	0.10356	0.101957	1642.34s	3.90625e-06
812	0.103558	0.101965	1643.53s	3.90625e-06
813	0.103524	0.101984	1643.92s	3.90625e-06
814	0.103528	0.101954	1640.79s	1.95313e-06
815	0.10352	0.101955	1641.52s	1.95313e-06
816	0.103473	0.101958	1643.27s	1.95313e-06
817	0.103515	0.101918	1639.87s	1.95313e-06
818	0.103561	0.101943	2449.74s	1.95313e-06
819	0.103567	0.101946	2420.8s	1.95313e-06
820	0.103457	0.101945	1644.98s	1.95313e-06
821	0.103605	0.101936	1644.4s	1.95313e-06
822	0.103512	0.101947	1644.35s	1.95313e-06
823	0.103465	0.101926	1642.65s	1.95313e-06
824	0.103462	0.101914	1641.22s	1.95313e-06
825	0.10355	0.101951	1643.07s	1.95313e-06
826	0.103557	0.101928	1639.88s	1.95313e-06
827	0.103479	0.101914	1642.12s	1.95313e-06
828	0.103396	0.10192	1643.92s	1.95313e-06
829	0.103571	0.101911	1643.99s	1.95313e-06
830	0.103461	0.101912	1641.79s	1.95313e-06
831	0.103504	0.101899	1639.92s	1.95313e-06
832	0.103441	0.101946	1644.16s	1.95313e-06
833	0.103464	0.101913	1645.52s	1.95313e-06
834	0.10345	0.101906	1642.44s	1.95313e-06
835	0.103481	0.101914	1640.49s	1.95313e-06
836	0.10343	0.101925	1640.94s	1.95313e-06
837	0.103421	0.101917	1639.32s	1.95313e-06
838	0.103488	0.101922	1642.21s	1.95313e-06
839	0.103427	0.101923	1866.99s	1.95313e-06
840	0.103599	0.101907	2411.81s	1.95313e-06
841	0.103457	0.101927	2418.62s	1.95313e-06
842	0.103519	0.101918	2418.05s	1.95313e-06
843	0.103546	0.10191	2242.13s	1.95313e-06
844	0.103369	0.101927	1644.57s	1.95313e-06
845	0.103439	0.101929	1642.65s	1.95313e-06
846	0.103516	0.101901	1644.64s	1.95313e-06
847	0.103382	0.101917	1644.04s	1.95313e-06
848	0.103451	0.101919	1642.2s	1.95313e-06
849	0.103518	0.101913	1644.91s	1.95313e-06
850	0.103467	0.101913	1644.02s	1.95313e-06
851	0.103467	0.101908	1644.19s	1.95313e-06
852	0.103489	0.101917	1751.8s	1.95313e-06
853	0.103504	0.101926	1949.44s	1.95313e-06
854	0.103446	0.10191	1642.07s	1.95313e-06
855	0.103512	0.101909	1642.99s	1.95313e-06
856	0.103476	0.101934	1643.55s	1.95313e-06
857	0.103463	0.101905	1645.97s	1.95313e-06
858	0.103487	0.101908	1642.95s	1.95313e-06
859	0.103411	0.101911	1648.12s	1.95313e-06
860	0.103438	0.10193	1856.91s	1.95313e-06
861	0.10336	0.10191	1640.01s	1.95313e-06
862	0.103443	0.101901	1643.51s	1.95313e-06
863	0.103432	0.101924	1642.17s	1.95313e-06
864	0.103493	0.101903	1643.83s	1.95313e-06
865	0.103473	0.101904	1638.17s	1.95313e-06
866	0.103483	0.10192	1639.39s	1.95313e-06
867	0.103469	0.101909	1638.91s	1.95313e-06
868	0.103473	0.101908	1640.58s	1.95313e-06
869	0.103389	0.101896	1642.12s	1.95313e-06
870	0.103427	0.101937	1641.75s	1.95313e-06
871	0.103398	0.101885	1643.31s	1.95313e-06
872	0.103483	0.101915	1641.65s	1.95313e-06
873	0.103437	0.101896	1640.97s	1.95313e-06
874	0.103375	0.101924	1638.17s	1.95313e-06
875	0.103361	0.101908	1641.39s	1.95313e-06
876	0.103402	0.101917	1722.6s	1.95313e-06
877	0.103491	0.101907	2298.12s	1.95313e-06
878	0.103476	0.101924	1643.05s	1.95313e-06
879	0.103505	0.101906	1641.94s	1.95313e-06
880	0.103407	0.101894	1643.13s	1.95313e-06
881	0.103467	0.101913	1640.34s	1.95313e-06
882	0.103416	0.101908	1641.31s	1.95313e-06
883	0.103423	0.101882	1641.61s	1.95313e-06
884	0.103432	0.101892	1640.5s	1.95313e-06
885	0.103344	0.101878	1642.67s	1.95313e-06
886	0.103395	0.101896	1643.26s	1.95313e-06
887	0.103474	0.101908	1643.49s	1.95313e-06
888	0.103475	0.101891	1640.16s	1.95313e-06
889	0.103444	0.101873	1643.44s	1.95313e-06
890	0.103453	0.101917	1642.16s	1.95313e-06
891	0.103462	0.101906	1644.03s	1.95313e-06
892	0.103515	0.101911	1643.95s	1.95313e-06
893	0.10346	0.101893	1641.11s	1.95313e-06
894	0.103393	0.101891	1640s	1.95313e-06
895	0.103414	0.101889	1639.33s	1.95313e-06
896	0.103517	0.101903	1641.29s	1.95313e-06
897	0.10347	0.101915	1640.4s	1.95313e-06
898	0.103455	0.101881	1644.83s	9.76563e-07
899	0.103388	0.10188	1644.43s	9.76563e-07
900	0.103489	0.101873	1642.1s	9.76563e-07
901	0.10338	0.101884	1640.41s	9.76563e-07
902	0.103456	0.101882	1640.55s	9.76563e-07
903	0.103383	0.101883	1643.05s	9.76563e-07
904	0.10347	0.101884	1657.25s	9.76563e-07
905	0.103359	0.101889	1643.46s	9.76563e-07
906	0.103335	0.101892	1643.09s	9.76563e-07
907	0.103463	0.101883	1641.45s	9.76563e-07
908	0.103409	0.101888	1640.32s	9.76563e-07
909	0.103405	0.101877	1642.47s	9.76563e-07
910	0.103421	0.101889	1661.97s	9.76563e-07
911	0.103526	0.101865	1643.86s	9.76563e-07
912	0.103424	0.101887	1702.46s	9.76563e-07
913	0.103436	0.101892	1669.33s	9.76563e-07
914	0.103388	0.101864	1638.08s	9.76563e-07
915	0.103335	0.101865	1643.13s	9.76563e-07
916	0.103378	0.101866	1639.8s	9.76563e-07
917	0.10342	0.101863	1643.49s	9.76563e-07
918	0.103419	0.101867	1644.72s	9.76563e-07
919	0.103385	0.101881	1641.29s	9.76563e-07
920	0.103278	0.101865	1638.86s	9.76563e-07
921	0.103383	0.101858	1640.19s	9.76563e-07
922	0.103208	0.101881	1643.12s	9.76563e-07
923	0.103337	0.10186	1641.58s	9.76563e-07
924	0.103463	0.101866	1639.79s	9.76563e-07
925	0.103361	0.101863	1641.81s	9.76563e-07
926	0.103359	0.101854	1639.96s	9.76563e-07
927	0.103325	0.101856	1638.01s	9.76563e-07
928	0.103368	0.101857	1640.96s	9.76563e-07
929	0.103423	0.101847	1641.23s	9.76563e-07
930	0.103469	0.101857	1641.25s	9.76563e-07
931	0.103441	0.101855	1642.7s	9.76563e-07
932	0.103338	0.101862	1641.42s	9.76563e-07
933	0.103387	0.10186	1638.49s	9.76563e-07
934	0.103358	0.101874	1639.64s	9.76563e-07
935	0.103361	0.101873	1640.41s	9.76563e-07
936	0.103452	0.101866	1639.46s	9.76563e-07
937	0.103394	0.10185	1642.47s	9.76563e-07
938	0.103386	0.101849	1641.62s	9.76563e-07
939	0.10339	0.101854	1638.53s	9.76563e-07
940	0.10336	0.101854	1639.62s	9.76563e-07
941	0.10332	0.101876	1637.53s	9.76563e-07
942	0.103344	0.101868	1640.11s	9.76563e-07
943	0.10331	0.101859	1643.03s	9.76563e-07
944	0.103389	0.101857	1642.37s	9.76563e-07
945	0.10344	0.101858	1640.97s	9.76563e-07
946	0.103402	0.101857	1639.44s	9.76563e-07
947	0.103363	0.101847	1639.24s	9.76563e-07
948	0.103425	0.101866	1639.69s	9.76563e-07
949	0.103417	0.101847	1641.26s	9.76563e-07
950	0.103406	0.101855	1640.46s	9.76563e-07
951	0.103419	0.101847	1642.21s	9.76563e-07
952	0.10341	0.101858	1642.02s	9.76563e-07
953	0.103398	0.101839	1639.92s	9.76563e-07
954	0.103466	0.101865	1638.85s	9.76563e-07
955	0.103368	0.10185	1641.61s	9.76563e-07
956	0.103382	0.101863	1640.29s	9.76563e-07
957	0.103474	0.101849	1643.08s	9.76563e-07
958	0.103443	0.101854	1643.52s	9.76563e-07
959	0.103419	0.101861	1642.74s	9.76563e-07
960	0.103411	0.101854	1640.67s	9.76563e-07
961	0.103368	0.101868	1640.3s	9.76563e-07
962	0.10334	0.101861	1671.39s	9.76563e-07
963	0.103346	0.101843	1640.26s	9.76563e-07
964	0.103444	0.10185	1662.19s	9.76563e-07
965	0.103446	0.101856	1643.97s	9.76563e-07
966	0.103427	0.101849	1642.84s	9.76563e-07
967	0.103366	0.101844	1641.42s	9.76563e-07
968	0.103427	0.101837	1642.34s	9.76563e-07
969	0.103333	0.101847	1642.17s	9.76563e-07
970	0.103472	0.10185	1641.78s	9.76563e-07
971	0.103353	0.10184	1642.46s	9.76563e-07
972	0.103452	0.101844	1641.53s	9.76563e-07
973	0.103229	0.101838	1641.71s	9.76563e-07
974	0.103358	0.101845	1638.79s	9.76563e-07
975	0.103478	0.101851	1639.91s	9.76563e-07
976	0.103392	0.101856	1640.51s	9.76563e-07
977	0.103303	0.10184	1639.38s	9.76563e-07
978	0.103366	0.10184	1642.06s	9.76563e-07
979	0.103399	0.101851	1639.14s	9.76563e-07
980	0.103322	0.101852	1639.43s	9.76563e-07
981	0.103431	0.101846	1638.08s	9.76563e-07
982	0.103309	0.101862	1640.53s	4.88281e-07
983	0.103326	0.101836	1640.66s	4.88281e-07
984	0.103317	0.101849	1640.63s	4.88281e-07
985	0.10333	0.101835	1640.67s	4.88281e-07
986	0.103319	0.101847	1637.67s	4.88281e-07
987	0.10335	0.101822	1640.12s	4.88281e-07
988	0.103378	0.101831	1639.54s	4.88281e-07
989	0.103348	0.10184	1640.1s	4.88281e-07
990	0.103272	0.101841	1641.5s	4.88281e-07
991	0.103313	0.101855	1639.81s	4.88281e-07
992	0.103447	0.101841	1641.79s	4.88281e-07
993	0.103417	0.101835	1970.02s	4.88281e-07
994	0.10328	0.101845	2377.41s	4.88281e-07
995	0.103313	0.101832	1972.47s	4.88281e-07
996	0.103458	0.101828	1637.12s	4.88281e-07
997	0.103386	0.101836	1637.27s	4.88281e-07
998	0.103313	0.101845	1637.66s	4.88281e-07
999	0.103294	0.101832	1639.93s	4.88281e-07
1000	0.103385	0.101834	1641.83s	4.88281e-07
1001	0.103357	0.101834	1641.19s	4.88281e-07
1002	0.103318	0.101834	1640.51s	4.88281e-07
1003	0.103427	0.101841	1637.81s	4.88281e-07
1004	0.103304	0.101847	1640.51s	4.88281e-07
1005	0.103298	0.101845	1641.24s	4.88281e-07
1006	0.103323	0.101858	1643.46s	4.88281e-07
1007	0.103339	0.101826	1644.37s	4.88281e-07
1008	0.103318	0.10185	1641.99s	4.88281e-07
1009	0.103382	0.101842	1679.65s	4.88281e-07
1010	0.103369	0.101856	1638.56s	4.88281e-07
1011	0.103368	0.101826	1644.23s	4.88281e-07
1012	0.103374	0.101817	1643.79s	4.88281e-07
1013	0.103266	0.101818	1642.94s	4.88281e-07
1014	0.103314	0.101833	1644.59s	4.88281e-07
1015	0.103287	0.101834	1643.34s	4.88281e-07
1016	0.103357	0.101815	1641.3s	4.88281e-07
1017	0.103383	0.101825	1642.6s	4.88281e-07
1018	0.103394	0.101809	1641.02s	4.88281e-07
1019	0.103248	0.101822	1644.25s	4.88281e-07
1020	0.103268	0.101838	1644.79s	4.88281e-07
1021	0.103307	0.101834	1643.32s	4.88281e-07
1022	0.103348	0.101841	1641.49s	4.88281e-07
1023	0.103444	0.101812	1639.5s	4.88281e-07
1024	0.103413	0.101821	1639.85s	4.88281e-07
1025	0.103303	0.101829	1640.16s	4.88281e-07
1026	0.103354	0.101835	1638.03s	4.88281e-07
1027	0.103407	0.101825	1641.37s	4.88281e-07
1028	0.103337	0.101835	1641.27s	4.88281e-07
1029	0.103377	0.101824	1638.72s	4.88281e-07
1030	0.103328	0.101851	1638.51s	4.88281e-07
1031	0.103308	0.101836	1639.08s	4.88281e-07
1032	0.103425	0.101822	1642.77s	4.88281e-07
1033	0.103421	0.10182	1642.07s	4.88281e-07
1034	0.103311	0.101831	1643.2s	4.88281e-07
1035	0.103363	0.101824	1638.66s	4.88281e-07
1036	0.103339	0.101831	1638.42s	4.88281e-07
1037	0.103393	0.101849	1638.92s	4.88281e-07
1038	0.103385	0.101822	1637.66s	4.88281e-07
1039	0.103243	0.101838	1639.51s	4.88281e-07
1040	0.103413	0.101817	1642.47s	4.88281e-07
